{
    "games": [
        [
            "RRPPs",
            "A* is born*",
            "RANDOM51635998",
            0,
            null,
            68.0,
            9170
        ]
    ],
    "layouts": [
        "RANDOM51635998"
    ],
    "max_steps": 1200,
    "teams_stats": {
        "A* is born*": [
            33.333333333333336,
            1,
            0,
            1,
            0,
            0,
            0
        ],
        "RRPPs": [
            33.333333333333336,
            1,
            0,
            1,
            0,
            0,
            0
        ]
    }
}