{
    "games": [
        [
            "Stall",
            "A* is born*",
            "RANDOM53730567",
            0,
            null,
            64.0,
            9184
        ]
    ],
    "layouts": [
        "RANDOM53730567"
    ],
    "max_steps": 1200,
    "teams_stats": {
        "A* is born*": [
            33.333333333333336,
            1,
            0,
            1,
            0,
            0,
            0
        ],
        "Stall": [
            33.333333333333336,
            1,
            0,
            1,
            0,
            0,
            0
        ]
    }
}