{
    "games": [
        [
            "A* is born*",
            "maha",
            "RANDOM98582668",
            0,
            null,
            69.0,
            9195
        ]
    ],
    "layouts": [
        "RANDOM98582668"
    ],
    "max_steps": 1200,
    "teams_stats": {
        "A* is born*": [
            33.333333333333336,
            1,
            0,
            1,
            0,
            0,
            0
        ],
        "maha": [
            33.333333333333336,
            1,
            0,
            1,
            0,
            0,
            0
        ]
    }
}