{
    "games": [
        [
            "Wholon",
            "A* is born*",
            "RANDOM69362715",
            0,
            null,
            69.0,
            9182
        ]
    ],
    "layouts": [
        "RANDOM69362715"
    ],
    "max_steps": 1200,
    "teams_stats": {
        "A* is born*": [
            33.333333333333336,
            1,
            0,
            1,
            0,
            0,
            0
        ],
        "Wholon": [
            33.333333333333336,
            1,
            0,
            1,
            0,
            0,
            0
        ]
    }
}