{
    "games": [
        [
            "MFN",
            "A* is born*",
            "RANDOM63376021",
            0,
            null,
            68.0,
            9140
        ]
    ],
    "layouts": [
        "RANDOM63376021"
    ],
    "max_steps": 1200,
    "teams_stats": {
        "A* is born*": [
            33.333333333333336,
            1,
            0,
            1,
            0,
            0,
            0
        ],
        "MFN": [
            33.333333333333336,
            1,
            0,
            1,
            0,
            0,
            0
        ]
    }
}